,kmeans,gauss,archetype
0,0.6600224677902574,0.6413228362912398,highdim_shallow
1,0.3450189660659925,0.3523734284789828,expon_highoverlap
2,0.6645855667288696,0.7892126051047039,normal_highlyvariable
3,0.8473349966364991,0.8244687424226343,normal_easy
4,0.0005955335032435938,0.21875893185194784,heavytailed
5,0.5586524108463717,0.6104993686544822,highdim_shallow
6,0.3662804412317259,0.37503327118159546,expon_highoverlap
7,0.6587263453810718,0.8380925680901442,normal_highlyvariable
8,0.9223552698084401,0.9215319430579757,normal_easy
9,0.44831627225006637,0.36782656219075144,heavytailed
10,0.630191329754972,0.7124652302628839,highdim_shallow
11,0.3736219644829289,0.41174884170441683,expon_highoverlap
12,0.6403746088757462,0.8500674276714517,normal_highlyvariable
13,0.8659304511640673,0.8583536795419654,normal_easy
14,0.39881828127009294,0.19398491288142228,heavytailed
15,0.671226617589328,0.6407314218625806,highdim_shallow
16,0.39851067752405894,0.30115058255093535,expon_highoverlap
17,0.5300390701563152,0.7254300827354901,normal_highlyvariable
18,0.8394665318480996,0.8040397390141176,normal_easy
19,0.36995470663662916,0.23172355003040296,heavytailed
20,0.6263968295201664,0.5811408182938721,highdim_shallow
21,0.4149913228563498,0.4008748153253997,expon_highoverlap
22,0.566563263031273,0.7056943694562768,normal_highlyvariable
23,0.8512227169697834,0.8218922785808425,normal_easy
24,0.25332319924933366,0.22598177975043385,heavytailed
25,0.6699044470040137,0.6903240060211713,highdim_shallow
26,0.365986896940174,0.44585895420118854,expon_highoverlap
27,0.41400876203739745,0.6734428336269548,normal_highlyvariable
28,0.8891329702258781,0.8765365473163307,normal_easy
29,0.43532974132012614,0.290221849068607,heavytailed
30,0.8104921803988573,0.6558662896680445,highdim_shallow
31,0.3593211255774558,0.3772668061344215,expon_highoverlap
32,0.5954555320430225,0.9155404759168856,normal_highlyvariable
33,0.9051450650930796,0.8760522462394712,normal_easy
34,0.5388705720592674,0.37576715264070826,heavytailed
35,0.7341007309591909,0.712191192916329,highdim_shallow
36,0.3554059486096489,0.34208280968512744,expon_highoverlap
37,0.49246030374995664,0.8194502817414957,normal_highlyvariable
38,0.8734916783500988,0.8532727917078177,normal_easy
39,0.5507773960901841,0.4021376521107926,heavytailed
40,0.5389093587003477,0.6204764491780669,highdim_shallow
41,0.35030474960173297,0.337976239280518,expon_highoverlap
42,0.5764608741626999,0.8213424253664277,normal_highlyvariable
43,0.9115519143879454,0.8972433226775061,normal_easy
44,0.48801414370430723,0.36505443892843414,heavytailed
45,0.5732627415324894,0.44358143018572865,highdim_shallow
46,0.4173991941691193,0.41845427548382297,expon_highoverlap
47,0.5778019841496735,0.8404566999404253,normal_highlyvariable
48,0.8550609987847017,0.847544657871738,normal_easy
49,0.4154469532890591,0.2854115795454955,heavytailed
50,0.7142066674318517,0.6114328948295727,highdim_shallow
51,0.3513190171144236,0.3900395722310957,expon_highoverlap
52,0.638852549256475,0.9013131909306689,normal_highlyvariable
53,0.8546208870126205,0.8518447093527939,normal_easy
54,0.36769377623770205,0.33444932053667203,heavytailed
55,0.6148904437232834,0.42272431030789154,highdim_shallow
56,0.4150890840426057,0.42784456125172815,expon_highoverlap
57,0.6029619994919597,0.8342277295133501,normal_highlyvariable
58,0.8538457716506086,0.8349964538861341,normal_easy
59,0.37297812296362326,0.37241984492675095,heavytailed
60,0.6142529126090004,0.5907087579404775,highdim_shallow
61,0.38286598063484156,0.35849573754951813,expon_highoverlap
62,0.5875826355198034,0.7213407217139483,normal_highlyvariable
63,0.9107986292226526,0.8931145164881672,normal_easy
64,0.3101994975204185,0.16400829481090565,heavytailed
65,0.729090007309143,0.6661966917473432,highdim_shallow
66,0.3880194666523156,0.38754917258161625,expon_highoverlap
67,0.4673105816943307,0.6973391160085239,normal_highlyvariable
68,0.8638640138986583,0.8347799796807651,normal_easy
69,0.402767109286932,0.32099141774145723,heavytailed
70,0.5584361637210417,0.5001096855162196,highdim_shallow
71,0.448076285946211,0.4167416797645609,expon_highoverlap
72,0.5834739233696609,0.8408798247212306,normal_highlyvariable
73,0.885630002417308,0.8694897308141843,normal_easy
74,0.27361520937590783,0.17341925719714257,heavytailed
75,0.589073416004758,0.43566741633146716,highdim_shallow
76,0.37796228058185033,0.3313827261208008,expon_highoverlap
77,0.6391638300287755,0.8970255605662212,normal_highlyvariable
78,0.8880699616784925,0.8701778279007591,normal_easy
79,0.37116279101987937,0.1779139773368954,heavytailed
80,0.6384687117864511,0.4774326953197646,highdim_shallow
81,0.37303672873287863,0.35034325836368413,expon_highoverlap
82,0.5732570129809706,0.7998139974486105,normal_highlyvariable
83,0.8958193269947318,0.8743507747828734,normal_easy
84,0.4143861012536005,0.21715831050028644,heavytailed
85,0.4770566169248109,0.3645678553718526,highdim_shallow
86,0.3754238791334028,0.3786925764282371,expon_highoverlap
87,0.6469643105124581,0.8424172566930993,normal_highlyvariable
88,0.8129091290905369,0.7789536929139766,normal_easy
89,0.5065943755874696,0.38827447618910693,heavytailed
90,0.5207675478934548,0.5138380506332597,highdim_shallow
91,0.3268138451153247,0.26152982269807373,expon_highoverlap
92,0.5894403123403871,0.8075317531678818,normal_highlyvariable
93,0.8781837030070213,0.8745735111329918,normal_easy
94,0.40648025546273536,0.24561055418036867,heavytailed
95,0.6162981422928878,0.3737850174589035,highdim_shallow
96,0.3152464097749033,0.3443785702581271,expon_highoverlap
97,0.5552657787487739,0.697948073826105,normal_highlyvariable
98,0.896875283734081,0.8793966222967521,normal_easy
99,0.4333550597257931,0.2209759845602207,heavytailed
100,0.6745660329883082,0.4265357844493937,highdim_shallow
101,0.38905238933297637,0.4386296883551649,expon_highoverlap
102,0.6038433072555613,0.8153648983590989,normal_highlyvariable
103,0.8907234764382282,0.8790071085711745,normal_easy
104,0.274019866747696,0.17570622294196842,heavytailed
105,0.6481318033099268,0.6486503212168196,highdim_shallow
106,0.35345278941418967,0.3258370356432285,expon_highoverlap
107,0.6016864276569436,0.8197596353958564,normal_highlyvariable
108,0.8982774306194884,0.8787673682485635,normal_easy
109,0.4487104581374585,0.3300509895483843,heavytailed
110,0.6722389548613262,0.4630432421022714,highdim_shallow
111,0.405690467373985,0.4424496947244846,expon_highoverlap
112,0.548448155539035,0.8875650419468719,normal_highlyvariable
113,0.8649587218430895,0.8548418250077119,normal_easy
114,0.390452081899067,0.17754693313922437,heavytailed
115,0.6923795692910628,0.7193717522664425,highdim_shallow
116,0.3148881907125086,0.29735079192274877,expon_highoverlap
117,0.6164172990437821,0.819621613930394,normal_highlyvariable
118,0.8270169553189041,0.8213794538819369,normal_easy
119,0.4148427846705967,0.2433347725080183,heavytailed
120,0.6577570254889581,0.49249297495013655,highdim_shallow
121,0.414113379971328,0.39982983295993296,expon_highoverlap
122,0.6370635043980486,0.827863687071844,normal_highlyvariable
123,0.8505808155526262,0.8322535715224267,normal_easy
124,0.4318526395419912,0.3633499763659322,heavytailed
125,0.5833994756704631,0.5785308961221406,highdim_shallow
126,0.3239700936355042,0.3613160516122404,expon_highoverlap
127,0.670160529576164,0.8394603588103116,normal_highlyvariable
128,0.8760793513656188,0.8457763559338675,normal_easy
129,0.3001007767923253,0.15936728043135037,heavytailed
130,0.7185728585226364,0.6555551521460862,highdim_shallow
131,0.38710679724069014,0.37273850215991927,expon_highoverlap
132,0.6542665791665988,0.8188754443245111,normal_highlyvariable
133,0.8842238645580558,0.876639139315091,normal_easy
134,0.2941673482110718,0.22995619041934579,heavytailed
135,0.755922505168526,0.44375648674193163,highdim_shallow
136,0.3808699993560495,0.32850859545645567,expon_highoverlap
137,0.48792245583207117,0.8183567161182816,normal_highlyvariable
138,0.9178370118847057,0.9010638202713461,normal_easy
139,0.488987473029428,0.311526599401478,heavytailed
140,0.7017564023496927,0.618165177010962,highdim_shallow
141,0.36182929399023606,0.3720201462237887,expon_highoverlap
142,0.5271595871705547,0.694416814747303,normal_highlyvariable
143,0.838067855040972,0.8220102873048066,normal_easy
144,0.2473577269617578,0.17611183001424008,heavytailed
145,0.5887329869155804,0.5747120676313736,highdim_shallow
146,0.39019638662791595,0.3548917178308649,expon_highoverlap
147,0.5972991371533226,0.7292105046725709,normal_highlyvariable
148,0.876768806049147,0.8495648767570579,normal_easy
149,0.2858944661106202,0.18696272126449318,heavytailed
150,0.6641925967362331,0.5706374779174309,highdim_shallow
151,0.34839366186618503,0.40167567163063206,expon_highoverlap
152,0.5753786637030125,0.8109584984162599,normal_highlyvariable
153,0.8674602108919681,0.8448662295995955,normal_easy
154,0.39350511099173197,0.3509099622007228,heavytailed
155,0.5598101717816187,0.5002707389458971,highdim_shallow
156,0.3724089967701026,0.43512682378891626,expon_highoverlap
157,0.6180063591462143,0.8243519996386117,normal_highlyvariable
158,0.865646215407611,0.843813310920779,normal_easy
159,0.23601001018885373,0.2775815476832789,heavytailed
160,0.5519966279676572,0.4657876272263289,highdim_shallow
161,0.3755321720790808,0.3822422596830104,expon_highoverlap
162,0.5741145034394703,0.7121012663405267,normal_highlyvariable
163,0.8996657974891136,0.8931846451323566,normal_easy
164,0.41212374773872246,0.24631544895382032,heavytailed
165,0.7177102438972961,0.7035326773200454,highdim_shallow
166,0.37121924432507697,0.4077118138299503,expon_highoverlap
167,0.4772251348401035,0.7619696961260332,normal_highlyvariable
168,0.8670038136736601,0.8538709680225517,normal_easy
169,0.24837369296644746,0.20230919238447695,heavytailed
170,0.689726660528386,0.6078482930571826,highdim_shallow
171,0.3866188682222168,0.4238678819155403,expon_highoverlap
172,0.5530242382049831,0.8290060055314086,normal_highlyvariable
173,0.8638189509055025,0.8390677903137429,normal_easy
174,0.3734120111612063,0.15966991129557986,heavytailed
175,0.71501782793309,0.6238006062453147,highdim_shallow
176,0.3589776679542249,0.38581315375094377,expon_highoverlap
177,0.6327367365036236,0.8317055847616243,normal_highlyvariable
178,0.900710286488096,0.8710776188771119,normal_easy
179,0.3991580538423817,0.25992757020707113,heavytailed
180,0.5550396612322454,0.42129125915559673,highdim_shallow
181,0.345721788412879,0.3893700473334729,expon_highoverlap
182,0.6304081953995538,0.7882221916091051,normal_highlyvariable
183,0.897345188434958,0.8844539190536441,normal_easy
184,0.3917289931557637,0.3950805937485771,heavytailed
185,0.6632287468080317,0.6342775887996587,highdim_shallow
186,0.32927501080532534,0.32581329502685136,expon_highoverlap
187,0.4562934722849752,0.7331514065535084,normal_highlyvariable
188,0.8629188805970376,0.8472047832783749,normal_easy
189,0.34820301846000523,0.18962316144402655,heavytailed
190,0.5287049347706382,0.44264414123945456,highdim_shallow
191,0.394467544631181,0.4336594432413187,expon_highoverlap
192,0.5838431651107946,0.8964853767340828,normal_highlyvariable
193,0.8632912986322906,0.8467286358276013,normal_easy
194,0.4893396463152024,0.3325486103163858,heavytailed
195,0.5928703731998176,0.6004851214701754,highdim_shallow
196,0.4751480466242191,0.45923814000832663,expon_highoverlap
197,0.5761159272906108,0.8311561980322666,normal_highlyvariable
198,0.8657724875303258,0.8423454471210106,normal_easy
199,0.2602526612506033,0.18852889827494948,heavytailed
200,0.5506738927779096,0.5463461635750417,highdim_shallow
201,0.3847037188386324,0.4651390293101486,expon_highoverlap
202,0.4506933954939667,0.8066880904407994,normal_highlyvariable
203,0.8909260786769978,0.8744462438348113,normal_easy
204,0.3781545753387316,0.28923821552542667,heavytailed
205,0.6415793129050439,0.5739181344022876,highdim_shallow
206,0.31490810403376446,0.33745373657652644,expon_highoverlap
207,0.7350924944006871,0.8365383357134574,normal_highlyvariable
208,0.8567014870097416,0.8452933329692115,normal_easy
209,0.2824355521857491,0.18711127406507716,heavytailed
210,0.6512080151779969,0.4260606182888728,highdim_shallow
211,0.3846154541336978,0.3831424185527665,expon_highoverlap
212,0.5942397164473997,0.8421139067920015,normal_highlyvariable
213,0.9117164712623288,0.8960228361346001,normal_easy
214,0.4966102150058341,0.360787100043277,heavytailed
215,0.6766150160533729,0.5151586666515408,highdim_shallow
216,0.4181643632509383,0.43606270374850975,expon_highoverlap
217,0.7042563755006136,0.8420113681450492,normal_highlyvariable
218,0.9079119965375518,0.8903636335319312,normal_easy
219,0.3732018972889025,0.17898082065480414,heavytailed
220,0.596484719567784,0.6000866713339701,highdim_shallow
221,0.3801821269900333,0.4154257731844151,expon_highoverlap
222,0.5606226194423614,0.8281545666100479,normal_highlyvariable
223,0.8462610218452818,0.8359824649768749,normal_easy
224,0.40518506192105624,0.36465671735766575,heavytailed
225,0.6055867508260997,0.5112776682784489,highdim_shallow
226,0.3811250039074044,0.3143189910010889,expon_highoverlap
227,0.5727340792223048,0.8290088341900467,normal_highlyvariable
228,0.9055936283929178,0.905394652470182,normal_easy
229,0.5008808520145798,0.37931782300765643,heavytailed
230,0.6675228500835593,0.4665336358161329,highdim_shallow
231,0.33703319549896654,0.3867004775388746,expon_highoverlap
232,0.5839751533243065,0.8348565244830239,normal_highlyvariable
233,0.8789731045129733,0.8610416475154373,normal_easy
234,0.43476686054875274,0.2878376647700407,heavytailed
235,0.5937039572465116,0.6983579497888586,highdim_shallow
236,0.3493795304160489,0.30362305664371564,expon_highoverlap
237,0.5379815394747037,0.8306784106600987,normal_highlyvariable
238,0.9053448484279543,0.8779184000332704,normal_easy
239,0.43070629414335054,0.37080546180884905,heavytailed
240,0.6534378075168201,0.6634897917077166,highdim_shallow
241,0.3541077497693996,0.3465792247953882,expon_highoverlap
242,0.4801943133574725,0.6970346098328266,normal_highlyvariable
243,0.8631617830419701,0.8247286010345901,normal_easy
244,0.42999531529629254,0.1839439182139113,heavytailed
245,0.5896195192387095,0.5571351384368849,highdim_shallow
246,0.32951753473564976,0.3328074750096983,expon_highoverlap
247,0.6476999673040889,0.8430931985143206,normal_highlyvariable
248,0.8710582552753009,0.8469926293757192,normal_easy
249,0.39816533064544996,0.35830558574304067,heavytailed
250,0.4905139194446454,0.3914476999497957,highdim_shallow
251,0.3493279050964042,0.3632881138474276,expon_highoverlap
252,0.6073210756815643,0.8258297995975317,normal_highlyvariable
253,0.8395158303369166,0.8168850795832104,normal_easy
254,0.4368275663970753,0.1813014025316642,heavytailed
255,0.6668940230859672,0.6067406147702361,highdim_shallow
256,0.35101307075513866,0.4785441190937922,expon_highoverlap
257,0.6150301467922551,0.8131255918066508,normal_highlyvariable
258,0.8700667974550778,0.8377282961943471,normal_easy
259,0.256778849309808,0.25188251263429995,heavytailed
260,0.633395326594263,0.3900614861631601,highdim_shallow
261,0.3950740178777722,0.3535991570699255,expon_highoverlap
262,0.638547350791979,0.8345584179488517,normal_highlyvariable
263,0.8609666517339363,0.851093257518759,normal_easy
264,0.4062678362539668,0.3114446707496325,heavytailed
265,0.6598288894768078,0.5591136984329389,highdim_shallow
266,0.39962911011819635,0.3719388496575248,expon_highoverlap
267,0.6058583910048819,0.7313426261831003,normal_highlyvariable
268,0.9257592942664191,0.9193551369480256,normal_easy
269,0.39291136055283554,0.29909070134981997,heavytailed
270,0.7546749451537444,0.6784596819146286,highdim_shallow
271,0.4056836029121822,0.431326713784427,expon_highoverlap
272,0.6335689569293698,0.7240695443856193,normal_highlyvariable
273,0.8973899632252362,0.9013215496265267,normal_easy
274,0.18202631811317607,0.2017888952073338,heavytailed
275,0.5979589716846294,0.6021297054215138,highdim_shallow
276,0.4170217842171572,0.5050847482747965,expon_highoverlap
277,0.598913308007371,0.8276090665088721,normal_highlyvariable
278,0.9136338211136351,0.8916986903211112,normal_easy
279,0.4046980144760204,0.31676057562189064,heavytailed
280,0.5771056324925774,0.5252566669569015,highdim_shallow
281,0.39094953504073854,0.32066022817771633,expon_highoverlap
282,0.5989595780646939,0.8933020171423754,normal_highlyvariable
283,0.9160471844979433,0.8950243540639214,normal_easy
284,0.37952253532510166,0.33447988646585963,heavytailed
285,0.6460962960807282,0.3656055433151952,highdim_shallow
286,0.4003808340433595,0.4509826249751483,expon_highoverlap
287,0.5366871075286704,0.8180680331583097,normal_highlyvariable
288,0.8996845567599576,0.8765761257402153,normal_easy
289,0.25686625225048065,0.20969581448359137,heavytailed
290,0.7714623334428802,0.7473102703990848,highdim_shallow
291,0.35946921856150066,0.36352816058191023,expon_highoverlap
292,0.5708196586725087,0.8133256955333521,normal_highlyvariable
293,0.8533679151873004,0.8401438870650064,normal_easy
294,0.40880948342221574,0.3046575311833227,heavytailed
295,0.586969474348596,0.4587211835050357,highdim_shallow
296,0.3143593961338307,0.3021435038463668,expon_highoverlap
297,0.6544230561115587,0.8954897218941132,normal_highlyvariable
298,0.9147138681290733,0.9081994957938377,normal_easy
299,0.27203292168652715,0.18143817948660942,heavytailed
300,0.702461939955091,0.6855332077829511,highdim_shallow
301,0.3164449852316496,0.2727162925981148,expon_highoverlap
302,0.5253486710851082,0.7923287579274377,normal_highlyvariable
303,0.9047419045136045,0.8974646652027105,normal_easy
304,0.4213885901561546,0.34046239227145025,heavytailed
305,0.7241000617147493,0.6431059141062075,highdim_shallow
306,0.37183077934592684,0.3362982796580118,expon_highoverlap
307,0.6091064691459874,0.8391652646750877,normal_highlyvariable
308,0.825246048771075,0.8211467870525306,normal_easy
309,0.2471985085729846,0.257824994918394,heavytailed
310,0.4915745006917458,0.5323449079856737,highdim_shallow
311,0.38781951905686346,0.39852411105644986,expon_highoverlap
312,0.5970386871478651,0.8292419568405551,normal_highlyvariable
313,0.9075964627930048,0.9073675187056732,normal_easy
314,0.2800296800176208,0.3242342009076852,heavytailed
315,0.5566565628936652,0.5286269257921699,highdim_shallow
316,0.3684630121763962,0.3504638785194415,expon_highoverlap
317,0.5929873966960442,0.8082332364326663,normal_highlyvariable
318,0.9149364293650646,0.8817078354077635,normal_easy
319,0.5356571167713747,0.42105828593849454,heavytailed
320,0.7100531184138676,0.585669898824789,highdim_shallow
321,0.36651999464651014,0.36723777452989015,expon_highoverlap
322,0.6306417634693192,0.731828948967492,normal_highlyvariable
323,0.8955863117721148,0.8765737943130539,normal_easy
324,0.2994138213350404,0.21814272090373601,heavytailed
325,0.5621067009383381,0.642424561764517,highdim_shallow
326,0.3680175376013023,0.3385738948349873,expon_highoverlap
327,0.5973554025006624,0.8295062301207727,normal_highlyvariable
328,0.8653289376089205,0.8350906485659554,normal_easy
329,0.33545379982516,0.1642761970582989,heavytailed
330,0.6724313808582504,0.4696225755866328,highdim_shallow
331,0.40379265440954154,0.32846228452000703,expon_highoverlap
332,0.6382786423593632,0.7609066453903522,normal_highlyvariable
333,0.867459576426823,0.8559354549650425,normal_easy
334,0.41214254423595453,0.26270250429258435,heavytailed
335,0.591811549673393,0.6402210659101137,highdim_shallow
336,0.37719029419384037,0.4413098998996106,expon_highoverlap
337,0.6112903805057407,0.8310375422190222,normal_highlyvariable
338,0.8687930397795008,0.8403357547512411,normal_easy
339,0.4686148130112761,0.27284579130208625,heavytailed
340,0.5908332166740302,0.7193692718419877,highdim_shallow
341,0.4017303062885213,0.4028615774870109,expon_highoverlap
342,0.5057864698984144,0.8386034001924547,normal_highlyvariable
343,0.8871888015617995,0.8530043605758753,normal_easy
344,0.4090384576357954,0.3443765709257171,heavytailed
345,0.6564582197198471,0.5587469154760735,highdim_shallow
346,0.41652750718018045,0.4585876112486983,expon_highoverlap
347,0.5596572386090093,0.8176088326814348,normal_highlyvariable
348,0.8903116730556375,0.8613228144317978,normal_easy
349,0.4137483596612886,0.16118721751545503,heavytailed
350,0.7036727323226551,0.6264069731759773,highdim_shallow
351,0.4254312639781377,0.4659168196337821,expon_highoverlap
352,0.5441446219197568,0.7381952406195276,normal_highlyvariable
353,0.8901287518388694,0.8880055107405159,normal_easy
354,0.47395751254559154,0.2649657524180937,heavytailed
355,0.6860688153010418,0.5310631632507661,highdim_shallow
356,0.33285832609597593,0.33686936421911856,expon_highoverlap
357,0.5838382523250902,0.8160308327469944,normal_highlyvariable
358,0.8619625523735813,0.8406199269117489,normal_easy
359,0.3799507953151251,0.1486562406011254,heavytailed
360,0.5965382196586734,0.542343797931027,highdim_shallow
361,0.3848409906571529,0.37081957853820596,expon_highoverlap
362,0.6952847791633144,0.8966158425580971,normal_highlyvariable
363,0.8678146915005733,0.8433213129642739,normal_easy
364,0.3986920653965702,0.1637402388854265,heavytailed
365,0.5972737990390087,0.558053745028343,highdim_shallow
366,0.31787804294095995,0.30857672313059886,expon_highoverlap
367,0.6239035355265373,0.7731554003517039,normal_highlyvariable
368,0.8859809679297831,0.8701860196013298,normal_easy
369,0.268216501145786,0.2250186386230565,heavytailed
370,0.5636330187892875,0.5142871442546337,highdim_shallow
371,0.40042541240218615,0.4458697069880699,expon_highoverlap
372,0.5976671402890475,0.8195622759165992,normal_highlyvariable
373,0.8528502253784502,0.8330489503181178,normal_easy
374,0.3457118465204672,0.19069546867732873,heavytailed
375,0.6833930319693378,0.6446696516653835,highdim_shallow
376,0.38417465857561683,0.3417365289355663,expon_highoverlap
377,0.4909529840104833,0.801906584260557,normal_highlyvariable
378,0.8559994605728494,0.8538795696121285,normal_easy
379,0.37180929554952047,0.33318711810274887,heavytailed
380,0.7047635896521924,0.7087306286412567,highdim_shallow
381,0.3768013256273159,0.42999961798439396,expon_highoverlap
382,0.6278220352589066,0.8329028874459361,normal_highlyvariable
383,0.9170654862516558,0.8864829507629488,normal_easy
384,0.27204583514497027,0.2711431950848827,heavytailed
385,0.6592471776413573,0.5272969550576988,highdim_shallow
386,0.4012969663944513,0.4366789698528887,expon_highoverlap
387,0.5847306859894028,0.8228411948581187,normal_highlyvariable
388,0.8654605937814525,0.8538190056464603,normal_easy
389,0.4188168583753502,0.3458492133639749,heavytailed
390,0.6284497491414047,0.5799838903783043,highdim_shallow
391,0.3615409054874516,0.3522729782589829,expon_highoverlap
392,0.5478275744296319,0.8191572979983176,normal_highlyvariable
393,0.8610183034843671,0.8236199805183911,normal_easy
394,0.5996300072599658,0.46312205773476883,heavytailed
395,0.7042270897828985,0.6802358754341982,highdim_shallow
396,0.33833810500846245,0.29853140095215525,expon_highoverlap
397,0.5358381905955428,0.7074826560082259,normal_highlyvariable
398,0.8297716181342696,0.8268226918581838,normal_easy
399,0.388417529283549,0.1737578182201517,heavytailed
400,0.6664109874204058,0.5121896096634494,highdim_shallow
401,0.34873955117121075,0.335618794708786,expon_highoverlap
402,0.5562342372759411,0.7791012536353629,normal_highlyvariable
403,0.8779631224990512,0.8639979263365944,normal_easy
404,0.42058095157961106,0.26883340340941875,heavytailed
405,0.6648751451035535,0.5804358829114553,highdim_shallow
406,0.3464718115834371,0.3704988219765338,expon_highoverlap
407,0.4637587507623364,0.6980663088672019,normal_highlyvariable
408,0.8872376354922477,0.8642592600724458,normal_easy
409,0.5191391148644089,0.3585888356000855,heavytailed
410,0.7076645579332609,0.5423978108261813,highdim_shallow
411,0.44126755419852903,0.5118412925870485,expon_highoverlap
412,0.5649086150193434,0.8231563836963409,normal_highlyvariable
413,0.8854213199466373,0.8546104256461823,normal_easy
414,0.41022925168953106,0.25064299835654885,heavytailed
415,0.7078744369168316,0.6966296965666914,highdim_shallow
416,0.41831226290648293,0.44865563917671514,expon_highoverlap
417,0.641416299839338,0.8219508091694265,normal_highlyvariable
418,0.8264520943606638,0.7984756114146394,normal_easy
419,0.5428813916652828,0.30992452733405096,heavytailed
420,0.6036854559345107,0.465931683191473,highdim_shallow
421,0.3912849750273336,0.36184176551788605,expon_highoverlap
422,0.6252786008668679,0.8057725464857795,normal_highlyvariable
423,0.9081402285150066,0.9007677874173476,normal_easy
424,0.44096357474625053,0.2530818326991832,heavytailed
425,0.5160998220259865,0.6576060224842488,highdim_shallow
426,0.43234949174541865,0.42944282294648034,expon_highoverlap
427,0.5348509263418761,0.7093285929908173,normal_highlyvariable
428,0.9263434753907307,0.9146536878083453,normal_easy
429,0.4401377035502401,0.4018721414381066,heavytailed
430,0.7042630723915846,0.7719363146677927,highdim_shallow
431,0.3564903552132562,0.34189177962463563,expon_highoverlap
432,0.6080609412803925,0.900144828779438,normal_highlyvariable
433,0.8554947311631912,0.8362751833082955,normal_easy
434,0.4653876151982926,0.41238206476763467,heavytailed
435,0.7065698483899067,0.5984874884850341,highdim_shallow
436,0.4096628551925341,0.4717467251716756,expon_highoverlap
437,0.6255742808537733,0.7347315321567423,normal_highlyvariable
438,0.9228489991595147,0.9145126198642354,normal_easy
439,0.32083083058542294,0.2533494594629272,heavytailed
440,0.625508197262798,0.5313270458457634,highdim_shallow
441,0.4339045631312251,0.4074066676005036,expon_highoverlap
442,0.665641030412258,0.8403775533015374,normal_highlyvariable
443,0.8949867836447768,0.8782314505496955,normal_easy
444,0.5061903514398406,0.27412927160375583,heavytailed
445,0.5878062947153381,0.6402037190989548,highdim_shallow
446,0.39345286657659323,0.40123322286148927,expon_highoverlap
447,0.6598126757863398,0.90023896187351,normal_highlyvariable
448,0.9150170496426027,0.8942145168304996,normal_easy
449,0.3796244381370552,0.14677155033147918,heavytailed
450,0.6323567625714144,0.4995318435824105,highdim_shallow
451,0.34098753282732086,0.3246917173570972,expon_highoverlap
452,0.6642425380896083,0.8351863760834618,normal_highlyvariable
453,0.8603211359141631,0.8473687974559788,normal_easy
454,0.40079529875323916,0.22872066791435575,heavytailed
455,0.6546882342343,0.5104946423229832,highdim_shallow
456,0.3966404125588161,0.47176417978148055,expon_highoverlap
457,0.5885450992367923,0.8000000497150623,normal_highlyvariable
458,0.8809471677817219,0.85852351701452,normal_easy
459,0.3655098877952454,0.2490598901514989,heavytailed
460,0.7539822792632794,0.7257311909311064,highdim_shallow
461,0.310163275543354,0.3535573408935431,expon_highoverlap
462,0.5710239920556156,0.7712797755901982,normal_highlyvariable
463,0.8664670367109264,0.8441219889933351,normal_easy
464,0.4257523947496417,0.31913273213464555,heavytailed
465,0.6623404346133247,0.5679439102517304,highdim_shallow
466,0.32519474929232584,0.34965199559031884,expon_highoverlap
467,0.5233245455772658,0.7284540189084494,normal_highlyvariable
468,0.8894235612835393,0.8658449662521959,normal_easy
469,0.5071472120130069,0.35839905434520997,heavytailed
470,0.5796538655279496,0.5210188928927179,highdim_shallow
471,0.3486173194831894,0.42125912859115483,expon_highoverlap
472,0.6069889439099716,0.7243355795855129,normal_highlyvariable
473,0.8461782267939272,0.8076471226381639,normal_easy
474,0.4420363851220011,0.19591484101476134,heavytailed
475,0.7302964662282675,0.7079289710569336,highdim_shallow
476,0.44327661411721736,0.45325229773140424,expon_highoverlap
477,0.6475146348769116,0.8971401668311805,normal_highlyvariable
478,0.8861746933967268,0.8667312221936833,normal_easy
479,0.41027136671937603,0.17456150994195208,heavytailed
480,0.6374700165677369,0.5807236773139517,highdim_shallow
481,0.3827330803208323,0.39803418891986925,expon_highoverlap
482,0.6232910635349284,0.8943942635669088,normal_highlyvariable
483,0.898958989068438,0.8748436528962599,normal_easy
484,0.3728758518073349,0.3254150309957413,heavytailed
485,0.6179384160200471,0.7202239744364174,highdim_shallow
486,0.32017454868363615,0.3537436994242293,expon_highoverlap
487,0.557459370682885,0.8230789588429462,normal_highlyvariable
488,0.8537805410876838,0.8348400402978438,normal_easy
489,0.36034358223942625,0.33120515843154186,heavytailed
490,0.7335095460489013,0.6651286504099814,highdim_shallow
491,0.38911556990892754,0.4427823827142396,expon_highoverlap
492,0.4686461587317039,0.7433266365479857,normal_highlyvariable
493,0.8723559301109094,0.8280429992276727,normal_easy
494,0.4306417913208368,0.253489213217295,heavytailed
495,0.6366243271545728,0.5568186241000264,highdim_shallow
496,0.3819769863543633,0.373556766443731,expon_highoverlap
497,0.6174209809079397,0.7380913613354867,normal_highlyvariable
498,0.8766323220348818,0.8615000253475467,normal_easy
499,0.2616637277945433,0.174720891635813,heavytailed
500,0.6353948520470356,0.5713201493176283,highdim_shallow
501,0.37555580312457465,0.4033171703414884,expon_highoverlap
502,0.49522948665554195,0.8168288925468751,normal_highlyvariable
503,0.8159520449867284,0.7747291691171603,normal_easy
504,0.38331039228666525,0.2296489665703438,heavytailed
505,0.7129656147228196,0.645670784168016,highdim_shallow
506,0.3826341015200776,0.3826665602977021,expon_highoverlap
507,0.6344517548354057,0.8253905346023387,normal_highlyvariable
508,0.848443236681498,0.8287668983324487,normal_easy
509,0.3885464230928457,0.2645493894179054,heavytailed
510,0.6478655459350561,0.531583221501976,highdim_shallow
511,0.40827549766759813,0.3765467399745855,expon_highoverlap
512,0.6166839418450719,0.8053378346665137,normal_highlyvariable
513,0.8122783749616471,0.7795670003471338,normal_easy
514,0.4238297349355327,0.3258708287714741,heavytailed
515,0.6012892782273437,0.4510487356170841,highdim_shallow
516,0.41623871531550316,0.3841037106571077,expon_highoverlap
517,0.6069188236642635,0.8404243086487728,normal_highlyvariable
518,0.9143479012599768,0.9087412267914756,normal_easy
519,0.4038978952894625,0.21847020181025195,heavytailed
520,0.6729304683085928,0.5995501445700931,highdim_shallow
521,0.4017697539694155,0.5360322974943365,expon_highoverlap
522,0.5647587072566982,0.8900415876640235,normal_highlyvariable
523,0.8897104962671784,0.8688273357121753,normal_easy
524,0.3709024690089223,0.28914477370434005,heavytailed
525,0.5631769694635307,0.3953255952042203,highdim_shallow
526,0.3056709091189509,0.4070959432036156,expon_highoverlap
527,0.5228146879530904,0.7662199861700244,normal_highlyvariable
528,0.8897685312902572,0.8583245553510105,normal_easy
529,0.5353104211666913,0.24597716584131235,heavytailed
530,0.5502033661846829,0.4804336958077759,highdim_shallow
531,0.352483690496727,0.33496807860824546,expon_highoverlap
532,0.6612473427510912,0.8268645463574017,normal_highlyvariable
533,0.8907545380786308,0.8625809428306072,normal_easy
534,0.4438585352035213,0.3607922810750773,heavytailed
535,0.582911276443922,0.23401073235426895,highdim_shallow
536,0.37507487510614046,0.4059637965398832,expon_highoverlap
537,0.5682478032220739,0.7920070786314757,normal_highlyvariable
538,0.8721395367142151,0.8558959747897349,normal_easy
539,0.4238673297093075,0.1646291831308895,heavytailed
540,0.7241890980478064,0.6473698446155782,highdim_shallow
541,0.3959856950148529,0.43146188464934615,expon_highoverlap
542,0.5905729620057197,0.8060140655178205,normal_highlyvariable
543,0.8993347360042478,0.8758778641915413,normal_easy
544,0.4054580774686388,0.21560313577964546,heavytailed
545,0.6079180528637467,0.6086935211316856,highdim_shallow
546,0.3046751863874283,0.31222024933016973,expon_highoverlap
547,0.5933035131555854,0.906316215469558,normal_highlyvariable
548,0.8658977174150038,0.8521221549962926,normal_easy
549,0.4207120594758116,0.2634170390652947,heavytailed
550,0.7322331029050069,0.6513065706269713,highdim_shallow
551,0.4421038883032653,0.4435876347278589,expon_highoverlap
552,0.572403412310825,0.842628722551058,normal_highlyvariable
553,0.8892343852062624,0.8779206996271458,normal_easy
554,0.4903894731204073,0.30642440313507396,heavytailed
555,0.6374921730253948,0.697919848962013,highdim_shallow
556,0.37434046698758433,0.4233145695892654,expon_highoverlap
557,0.5793922463140134,0.8176187888785247,normal_highlyvariable
558,0.8182534019249069,0.8098375917320991,normal_easy
559,0.4099199589810597,0.251077690761292,heavytailed
560,0.6717344586555212,0.6589570164098365,highdim_shallow
561,0.35990700740463005,0.3772183053623909,expon_highoverlap
562,0.6360469618779826,0.8262274370895639,normal_highlyvariable
563,0.873136477966244,0.8697413013761566,normal_easy
564,0.2766946952833984,0.17768947946460692,heavytailed
565,0.5688215626116224,0.508610230462314,highdim_shallow
566,0.3670975166218428,0.3300548612662178,expon_highoverlap
567,0.5548658597285532,0.7992192189486661,normal_highlyvariable
568,0.8244825606351259,0.8082814792372864,normal_easy
569,0.34073165507600445,0.2709844643511329,heavytailed
570,0.6598462760303723,0.5875565770863376,highdim_shallow
571,0.40353289964842204,0.3858200221885013,expon_highoverlap
572,0.6041177805867262,0.8375327668101822,normal_highlyvariable
573,0.8707177516431294,0.8506454642339009,normal_easy
574,0.4510846006186421,0.3557437257408037,heavytailed
575,0.6232203368485691,0.49338466624386107,highdim_shallow
576,0.3703592432799876,0.350150249292958,expon_highoverlap
577,0.545028142363743,0.8263119380014371,normal_highlyvariable
578,0.8799376060843144,0.8503835523034138,normal_easy
579,0.5015565597353331,0.34766127522033113,heavytailed
580,0.6615258319349271,0.5833762393739977,highdim_shallow
581,0.358007397667686,0.39464577593607053,expon_highoverlap
582,0.7022462804217362,0.8205583598585721,normal_highlyvariable
583,0.8318380918329005,0.8033923605746384,normal_easy
584,0.5043368826226861,0.3289810428394751,heavytailed
585,0.6848090029812525,0.6376101230265312,highdim_shallow
586,0.37710220690844304,0.44594058687066995,expon_highoverlap
587,0.5586428735956075,0.8193945436702673,normal_highlyvariable
588,0.8500357223781183,0.8202142316189756,normal_easy
589,0.3717754311998659,0.18852743857697435,heavytailed
590,0.5626965084424519,0.5113575527725915,highdim_shallow
591,0.3754351546282531,0.3954210737088572,expon_highoverlap
592,0.45902229707104514,0.7967039778681151,normal_highlyvariable
593,0.866225112319593,0.8313107849111733,normal_easy
594,0.4615927395848177,0.2955084096551381,heavytailed
595,0.6524216060304281,0.5837149665993002,highdim_shallow
596,0.4434014960697849,0.45270227694491316,expon_highoverlap
597,0.5869230395407755,0.8026967000139311,normal_highlyvariable
598,0.8119486466720077,0.7868651803495599,normal_easy
599,0.2658420380383977,0.1162382313781438,heavytailed
600,0.694254747488592,0.6571659615027543,highdim_shallow
601,0.31600050312008937,0.39498761466173304,expon_highoverlap
602,0.6146628093218727,0.7635660612182454,normal_highlyvariable
603,0.91315240475167,0.9006394649197007,normal_easy
604,0.2671718737200004,0.18397276582067637,heavytailed
605,0.5983653635414562,0.6922669621059101,highdim_shallow
606,0.3824017275523092,0.3957464517306832,expon_highoverlap
607,0.5766728656211014,0.9120852951955172,normal_highlyvariable
608,0.9164880405290653,0.9019069570272154,normal_easy
609,0.45461288648436826,0.23216580694731254,heavytailed
610,0.7881933827871398,0.7175212121771936,highdim_shallow
611,0.3951846654856688,0.44832322007626185,expon_highoverlap
612,0.5940455425216633,0.8124021188746969,normal_highlyvariable
613,0.8809826970635916,0.8700804653336034,normal_easy
614,0.5125571962007542,0.3639079778576364,heavytailed
615,0.6143484656647713,0.6008791890072,highdim_shallow
616,0.3508914086865532,0.3525157901958719,expon_highoverlap
617,0.6024922840552781,0.9099758342658673,normal_highlyvariable
618,0.8963119800851151,0.8662174698673116,normal_easy
619,0.28825698758735974,0.255102674039142,heavytailed
620,0.5658852120267569,0.5789616248790077,highdim_shallow
621,0.3580021519464604,0.41226831490998606,expon_highoverlap
622,0.5771103327104441,0.7820433719384272,normal_highlyvariable
623,0.8480077139219161,0.8224456405168801,normal_easy
624,0.3955752250272297,0.2397112138099943,heavytailed
625,0.5571231046043017,0.6693964006729786,highdim_shallow
626,0.36426860038306197,0.3990554697424749,expon_highoverlap
627,0.4935579459093059,0.7896933583543825,normal_highlyvariable
628,0.9066478734680661,0.8884691804232413,normal_easy
629,0.2952812361940461,0.24493772571060513,heavytailed
630,0.6056674038716625,0.5449095688463476,highdim_shallow
631,0.37045364947130477,0.2981623182157769,expon_highoverlap
632,0.5992899167241602,0.797671998643941,normal_highlyvariable
633,0.834935268454378,0.8159143621075851,normal_easy
634,0.26548350458905484,0.25738683393014783,heavytailed
635,0.6219881411078483,0.5642421667175302,highdim_shallow
636,0.44518386145149497,0.4372901842206864,expon_highoverlap
637,0.5982475228570256,0.8281620048476415,normal_highlyvariable
638,0.8598937737528745,0.8506911614875077,normal_easy
639,0.3558120714266394,0.17244608158202374,heavytailed
640,0.5657004100348731,0.6243632766394135,highdim_shallow
641,0.32475110993671885,0.37879768573202527,expon_highoverlap
642,0.6556873087860394,0.8216887043199079,normal_highlyvariable
643,0.890751902588718,0.8606603915490622,normal_easy
644,0.5181062306985361,0.3465624109132385,heavytailed
645,0.5305518136227774,0.5213843132627164,highdim_shallow
646,0.4671235794824522,0.37141630196581193,expon_highoverlap
647,0.6198671629959778,0.8235945854000275,normal_highlyvariable
648,0.868098518250335,0.8413645639611155,normal_easy
649,0.35849342751510327,0.24859676135499892,heavytailed
650,0.7122112663667926,0.6253700723242499,highdim_shallow
651,0.33020042102282293,0.34816023716034944,expon_highoverlap
652,0.6100597082258473,0.8228062044299417,normal_highlyvariable
653,0.8968227560136309,0.8695526485715646,normal_easy
654,0.3132928989232564,0.26661514728322444,heavytailed
655,0.5769238685206431,0.4828666150203576,highdim_shallow
656,0.3479926913081305,0.31968565921986136,expon_highoverlap
657,0.5801288497503072,0.7991836150280283,normal_highlyvariable
658,0.8990927926889531,0.8945515605951414,normal_easy
659,0.4036479875908349,0.2174797474257204,heavytailed
660,0.672867147022765,0.5907266132976318,highdim_shallow
661,0.2965975429778794,0.2986811673248737,expon_highoverlap
662,0.4789434387557088,0.8428825554392029,normal_highlyvariable
663,0.8607749088108294,0.8269167782538147,normal_easy
664,0.5614483546410795,0.4582799526389931,heavytailed
665,0.607199784213826,0.7576555849617435,highdim_shallow
666,0.43013242732458346,0.3500491903783221,expon_highoverlap
667,0.5945936637489209,0.8071749753206523,normal_highlyvariable
668,0.8558169745296008,0.8288323398879032,normal_easy
669,0.4361819187249395,0.2615856485793478,heavytailed
670,0.6131976135010644,0.46686391119866155,highdim_shallow
671,0.3823510669345575,0.43612711636833285,expon_highoverlap
672,0.5413200551954317,0.8340318842809245,normal_highlyvariable
673,0.8787213196330259,0.8668214399105554,normal_easy
674,0.3199290228172441,0.2890460535420179,heavytailed
675,0.7170622608491132,0.7332233715326532,highdim_shallow
676,0.3230770606958839,0.31318047278997807,expon_highoverlap
677,0.53424149467764,0.7599454507633049,normal_highlyvariable
678,0.9140975399207485,0.9204113840362871,normal_easy
679,0.4028981382069355,0.24135920204388386,heavytailed
680,0.6616458273689422,0.6490729796466281,highdim_shallow
681,0.34957827529594493,0.3068243601347834,expon_highoverlap
682,0.588721161072539,0.7980310127777122,normal_highlyvariable
683,0.9035237460491149,0.8771142032017986,normal_easy
684,0.00043767569722705934,0.05934353609182742,heavytailed
685,0.4660027199152769,0.5341224835876365,highdim_shallow
686,0.35067147076167327,0.33184949970886846,expon_highoverlap
687,0.5706207575786683,0.832027811565669,normal_highlyvariable
688,0.8686403879613002,0.8562358117425632,normal_easy
689,0.27846853783566294,0.23386001752034966,heavytailed
690,0.7468313689485497,0.48455669090910763,highdim_shallow
691,0.4411398352940734,0.4194845268241186,expon_highoverlap
692,0.5540524397725056,0.8306170882933887,normal_highlyvariable
693,0.8239130727947279,0.7998448873760713,normal_easy
694,0.24191560573625107,0.18376712245077365,heavytailed
695,0.6330769932276321,0.688997212108096,highdim_shallow
696,0.39195092849646285,0.4169079776039224,expon_highoverlap
697,0.5933709407195586,0.8079090294410723,normal_highlyvariable
698,0.8704436411260871,0.8558094991815017,normal_easy
699,0.270696650125902,0.27616309478167733,heavytailed
700,0.6595394508966407,0.5658780944612462,highdim_shallow
701,0.3678482447172155,0.3731920633272952,expon_highoverlap
702,0.5465210788513761,0.837362806225338,normal_highlyvariable
703,0.8451566017819936,0.8291607960089727,normal_easy
704,0.5190667091005524,0.32492732548137016,heavytailed
705,0.6277325534342565,0.501141558484111,highdim_shallow
706,0.38814234207512344,0.3667752809154174,expon_highoverlap
707,0.6366420769870902,0.7894076031376439,normal_highlyvariable
708,0.88029765448029,0.8566785325223649,normal_easy
709,0.2468170053893552,0.17489214282018745,heavytailed
710,0.5863080932887926,0.4943998708355649,highdim_shallow
711,0.40449161108441944,0.39698519335739424,expon_highoverlap
712,0.5665682481216878,0.9128395530541712,normal_highlyvariable
713,0.9057276127736629,0.8922050803106875,normal_easy
714,0.384586942661586,0.17225738628496604,heavytailed
715,0.6880860929333414,0.6661767137684874,highdim_shallow
716,0.42091012776466197,0.35620060502621725,expon_highoverlap
717,0.5435167486479268,0.8323653632755234,normal_highlyvariable
718,0.8859784997087916,0.8628841023783036,normal_easy
719,0.5152248104180701,0.3401274261624692,heavytailed
720,0.5879009087017878,0.28416373408978096,highdim_shallow
721,0.3379016457908316,0.4217411605668125,expon_highoverlap
722,0.5212383272480248,0.7904242224158765,normal_highlyvariable
723,0.8424366481175165,0.8269264357125939,normal_easy
724,0.41933281006498174,0.38150187317589057,heavytailed
725,0.794530528552444,0.5538308636098983,highdim_shallow
726,0.3597190710919689,0.44189566977637557,expon_highoverlap
727,0.6060323856859611,0.800696621633879,normal_highlyvariable
728,0.8739212794490798,0.8568047143625858,normal_easy
729,-0.001296081149585842,0.05988860014536233,heavytailed
730,0.504268050928166,0.5546088419411935,highdim_shallow
731,0.4158009693723968,0.4246066246108382,expon_highoverlap
732,0.4926007657485347,0.8261918388992968,normal_highlyvariable
733,0.8235978324727844,0.8178376870019763,normal_easy
734,0.2235732000414947,0.2119686206362976,heavytailed
735,0.6531833839136881,0.6470997868161336,highdim_shallow
736,0.4073318998829748,0.46818814390914326,expon_highoverlap
737,0.5135616537051653,0.7084127990017404,normal_highlyvariable
738,0.8529343815095453,0.8346505898392079,normal_easy
739,0.34905383649257665,0.19673467463099217,heavytailed
740,0.6785091910670268,0.7332040558196101,highdim_shallow
741,0.39774614158964716,0.3935147908752755,expon_highoverlap
742,0.48197577955793613,0.6770193987137085,normal_highlyvariable
743,0.9069810956736799,0.8942216145795308,normal_easy
744,0.26198155689070257,0.1591439769989115,heavytailed
745,0.6868499751192633,0.560304268707544,highdim_shallow
746,0.4339589324489925,0.48495248219607956,expon_highoverlap
747,0.6236408509888007,0.8124576283650772,normal_highlyvariable
748,0.9099614001440379,0.9116214056278867,normal_easy
749,-0.0014955961364399866,0.27851712308445686,heavytailed
750,0.5222708812201282,0.4909874231629846,highdim_shallow
751,0.36461670724699297,0.3759098173385603,expon_highoverlap
752,0.6039069900439912,0.8182834550284397,normal_highlyvariable
753,0.8952736134401665,0.8954966865225623,normal_easy
754,0.4135028118310314,0.3370565303943387,heavytailed
755,0.6711626377180233,0.5687456583639239,highdim_shallow
756,0.4161004887227168,0.5394611988048851,expon_highoverlap
757,0.5219125663202724,0.8141992822366989,normal_highlyvariable
758,0.8644587025725413,0.828820935803447,normal_easy
759,0.4098700900854815,0.19425790553777023,heavytailed
760,0.5809515311061737,0.5455946956076725,highdim_shallow
761,0.3647246609490155,0.33920384387907493,expon_highoverlap
762,0.6484706537894196,0.8216969716987816,normal_highlyvariable
763,0.8663049615340876,0.8511297583848015,normal_easy
764,0.501710153162303,0.4202896270982086,heavytailed
765,0.5943598862196421,0.5154116681860177,highdim_shallow
766,0.39850137195465524,0.4049612292613446,expon_highoverlap
767,0.5717034138232095,0.8193352225095016,normal_highlyvariable
768,0.9163956249200658,0.9138744423192492,normal_easy
769,0.4282925461237791,0.34415752014048745,heavytailed
770,0.7476621466990794,0.48689553458833357,highdim_shallow
771,0.3971639781742299,0.44311571597665067,expon_highoverlap
772,0.6027962541274848,0.8411377604586339,normal_highlyvariable
773,0.935691321316786,0.9265658137966627,normal_easy
774,0.5006696290599917,0.3379047893983748,heavytailed
775,0.5947834430365873,0.33649075387089267,highdim_shallow
776,0.45775340817041243,0.4332938209902927,expon_highoverlap
777,0.5774140561434293,0.8165866193842348,normal_highlyvariable
778,0.8954658023566225,0.8901651649003871,normal_easy
779,0.3723460795935935,0.3341096081178756,heavytailed
780,0.6627557310699947,0.6541076933830282,highdim_shallow
781,0.35785283695205194,0.3836710236823325,expon_highoverlap
782,0.5721368556508425,0.7936369928377646,normal_highlyvariable
783,0.8767156858483418,0.879711931171614,normal_easy
784,0.45147453176666896,0.28488011478520175,heavytailed
785,0.6482264380990935,0.6880119353106543,highdim_shallow
786,0.4398091751709319,0.4055362278075396,expon_highoverlap
787,0.5780839213303137,0.802708133802631,normal_highlyvariable
788,0.8728265591327635,0.8633443965024793,normal_easy
789,0.5298190281528201,0.22145860916279364,heavytailed
790,0.5707837906425782,0.5050030054341137,highdim_shallow
791,0.36561530527067937,0.3630357246982189,expon_highoverlap
792,0.5900063723144177,0.8316507293395823,normal_highlyvariable
793,0.8470182832031292,0.8316292935707732,normal_easy
794,0.2703725906627197,0.28311655570789873,heavytailed
795,0.682616265607785,0.6658994719740167,highdim_shallow
796,0.3636690884811159,0.37477408989994665,expon_highoverlap
797,0.49880401928760043,0.713803105174321,normal_highlyvariable
798,0.9036456799742298,0.9035608306406049,normal_easy
799,0.4693036140732263,0.32931230039083587,heavytailed
800,0.5954026504072454,0.5232620703227066,highdim_shallow
801,0.32986082759924645,0.3202452257501892,expon_highoverlap
802,0.4844218999450639,0.835924100584168,normal_highlyvariable
803,0.8928066647099923,0.8649084835665817,normal_easy
804,0.2839193023819513,0.18518027128738257,heavytailed
805,0.5437395639799026,0.5519797422322608,highdim_shallow
806,0.35764333567864554,0.37770019877095684,expon_highoverlap
807,0.6350586382635901,0.7558989135214741,normal_highlyvariable
808,0.8766288876946069,0.8562708516983945,normal_easy
809,0.29437396626702017,0.17386250945970388,heavytailed
810,0.6515461272236026,0.569790514844643,highdim_shallow
811,0.37039194463460995,0.31719871300810853,expon_highoverlap
812,0.6003572931528438,0.7839875440121749,normal_highlyvariable
813,0.8896398156740579,0.8735529619734249,normal_easy
814,0.36892361554816466,0.2417288476093086,heavytailed
815,0.6317073417666709,0.5903669802515236,highdim_shallow
816,0.37009165041941133,0.4274871812355571,expon_highoverlap
817,0.5287229980798548,0.734380397642802,normal_highlyvariable
818,0.87660258016161,0.8489088143679062,normal_easy
819,0.39475042309359015,0.2806165476810648,heavytailed
820,0.5356568464241119,0.4840549142002134,highdim_shallow
821,0.36921741038975986,0.36729823395150524,expon_highoverlap
822,0.5619537636989934,0.8159475933519575,normal_highlyvariable
823,0.883855755609481,0.8653327598518339,normal_easy
824,0.4565236645051633,0.2635643737435805,heavytailed
825,0.6315615747380605,0.6184226855251828,highdim_shallow
826,0.3940644423019093,0.3640206903460582,expon_highoverlap
827,0.5389970777158978,0.8287648905388846,normal_highlyvariable
828,0.8248619407845529,0.8181857575334635,normal_easy
829,0.38759867344454896,0.30967679994442904,heavytailed
830,0.6183196144645532,0.38291219926015724,highdim_shallow
831,0.3346969090974254,0.3662861483903275,expon_highoverlap
832,0.6170668839777542,0.8357021127867048,normal_highlyvariable
833,0.8317951163271927,0.8221839019158178,normal_easy
834,0.44588242945108636,0.3767278573397746,heavytailed
835,0.4742238637405577,0.3883312458948529,highdim_shallow
836,0.3615180556870533,0.401193011346877,expon_highoverlap
837,0.598268973827296,0.8200378772738918,normal_highlyvariable
838,0.897300796143776,0.8649022959062069,normal_easy
839,0.24054468473869234,0.27834791602763903,heavytailed
840,0.7044978586116204,0.6534215599754941,highdim_shallow
841,0.3904387337802013,0.3491834678248034,expon_highoverlap
842,0.5373522850742151,0.8323775448178171,normal_highlyvariable
843,0.8875551556930613,0.8788022831784172,normal_easy
844,0.3982159927549675,0.3286626574050501,heavytailed
845,0.6581545439032059,0.5952559127502128,highdim_shallow
846,0.34332760136959517,0.31737819381484383,expon_highoverlap
847,0.6285906637155674,0.8372967728219394,normal_highlyvariable
848,0.9018850321216685,0.8914762313566099,normal_easy
849,0.4968077547475037,0.31532155433287407,heavytailed
850,0.43708401697589105,0.3840878759646953,highdim_shallow
851,0.3777589703413464,0.349908501063168,expon_highoverlap
852,0.5984143331754157,0.8319390015620511,normal_highlyvariable
853,0.8666698034800409,0.8441299424560956,normal_easy
854,0.44303559943779003,0.47252748793140553,heavytailed
855,0.5488177486848853,0.42542790839297745,highdim_shallow
856,0.39661270441473645,0.41133029576920727,expon_highoverlap
857,0.5200757647969425,0.7456660280263604,normal_highlyvariable
858,0.8982425095941201,0.8769418465398592,normal_easy
859,0.278695401038366,0.20965562136326693,heavytailed
860,0.6484521936225929,0.67944836490876,highdim_shallow
861,0.3484955505447559,0.37650359574308645,expon_highoverlap
862,0.4924391538361556,0.7677203381187316,normal_highlyvariable
863,0.8490232416764113,0.82999087862888,normal_easy
864,0.28767500157426545,0.17086019816615144,heavytailed
865,0.594472525064776,0.44570728300435647,highdim_shallow
866,0.38271445052445335,0.3516752077208146,expon_highoverlap
867,0.4716874616812657,0.6856958790496148,normal_highlyvariable
868,0.873942714962471,0.8621855251228581,normal_easy
869,0.3922073240697232,0.20622266817411156,heavytailed
870,0.6283841627425925,0.6092945172413177,highdim_shallow
871,0.3838295217408679,0.4465677178888652,expon_highoverlap
872,0.5500714259536671,0.818260791094481,normal_highlyvariable
873,0.8748780088708564,0.8718742390184295,normal_easy
874,0.3842660004733332,0.3080750356161463,heavytailed
875,0.6605360605090586,0.5054274708598983,highdim_shallow
876,0.35682382369121113,0.29632062828475064,expon_highoverlap
877,0.6486049396034257,0.8270963775185258,normal_highlyvariable
878,0.8543635339362056,0.83274571059314,normal_easy
879,0.4030427738942352,0.170427218582325,heavytailed
880,0.5539512549185008,0.5475951864442692,highdim_shallow
881,0.3556059674118143,0.3057356765755856,expon_highoverlap
882,0.621827349626895,0.8963656562503093,normal_highlyvariable
883,0.8710697408272968,0.850304439694431,normal_easy
884,0.36143427359271985,0.2970945168853747,heavytailed
885,0.5988604457599634,0.6227340377950755,highdim_shallow
886,0.40913325675090023,0.4982749865926152,expon_highoverlap
887,0.4755510165748453,0.8110244204623017,normal_highlyvariable
888,0.9100393863743129,0.8975610347337588,normal_easy
889,0.4100444715432994,0.17949041599807825,heavytailed
890,0.664134075077386,0.49167398680244206,highdim_shallow
891,0.27906763731555867,0.4255577765799344,expon_highoverlap
892,0.6595012254921495,0.8353997261267575,normal_highlyvariable
893,0.8684220513057376,0.851247398898096,normal_easy
894,0.26049800077855534,0.20384406644103012,heavytailed
895,0.7007563411410285,0.7439773363369832,highdim_shallow
896,0.35715797459232934,0.3830986559005033,expon_highoverlap
897,0.5864245331280357,0.9147143198927283,normal_highlyvariable
898,0.8573636051515097,0.8401697477683802,normal_easy
899,0.2469865186145162,0.17296990513055807,heavytailed
900,0.48395509245072144,0.39218228048100406,highdim_shallow
901,0.3630933211846767,0.4031293047133475,expon_highoverlap
902,0.6776814547467389,0.8238711129057777,normal_highlyvariable
903,0.89247503077202,0.8558455142201962,normal_easy
904,0.41321075976989197,0.2509928760331039,heavytailed
905,0.6519829717197163,0.49847763569606857,highdim_shallow
906,0.3733615158530159,0.36724859796812753,expon_highoverlap
907,0.6194305684335787,0.8160118224933692,normal_highlyvariable
908,0.8483455925836748,0.8292051180015336,normal_easy
909,0.498458707757905,0.35524732922096186,heavytailed
910,0.5843408216092241,0.610427600808441,highdim_shallow
911,0.38692189527169596,0.3876179416722838,expon_highoverlap
912,0.6134727618782924,0.7167693953629322,normal_highlyvariable
913,0.910487569906343,0.9163668748105169,normal_easy
914,0.5155491154138185,0.4047365670059288,heavytailed
915,0.7000990509961638,0.4973889637236023,highdim_shallow
916,0.33684275158818777,0.2688046739205766,expon_highoverlap
917,0.6061236203156447,0.9107278005142826,normal_highlyvariable
918,0.8722185852484262,0.8371422330112427,normal_easy
919,0.27661940078972486,0.24971885777908592,heavytailed
920,0.7077202616165972,0.6250729876362427,highdim_shallow
921,0.3814158187335322,0.430451948123573,expon_highoverlap
922,0.6268701752389699,0.8404323358285277,normal_highlyvariable
923,0.8650878665968004,0.8553342106661099,normal_easy
924,0.2803929909071507,0.33706117466504293,heavytailed
925,0.7534168485445831,0.5368401802740023,highdim_shallow
926,0.3648613328537882,0.49250090993997325,expon_highoverlap
927,0.5900854851418603,0.8480536370898261,normal_highlyvariable
928,0.9012807309883136,0.8675528226630764,normal_easy
929,0.29633644424113575,0.24687688531124286,heavytailed
930,0.7455049476766468,0.6969317801708794,highdim_shallow
931,0.3691833656621862,0.4673770101419814,expon_highoverlap
932,0.6074321181318874,0.7848524332588919,normal_highlyvariable
933,0.8565600459869791,0.8353934941042217,normal_easy
934,0.38411542756017797,0.3009062368518526,heavytailed
935,0.686139812972892,0.6112308069818732,highdim_shallow
936,0.3600145242895316,0.35668604241501217,expon_highoverlap
937,0.5664645660609193,0.832609083912468,normal_highlyvariable
938,0.9050019053213775,0.869942643437186,normal_easy
939,0.3039988865560301,0.22685046719281324,heavytailed
940,0.6962273885505038,0.6179190730111963,highdim_shallow
941,0.3596424784026597,0.32323426094208085,expon_highoverlap
942,0.6337869297894458,0.8283173738752398,normal_highlyvariable
943,0.9155203617954244,0.8895666987661893,normal_easy
944,0.4017298781043108,0.1681404355925937,heavytailed
945,0.6322779539262522,0.34307562673173636,highdim_shallow
946,0.3536194148302687,0.2879858609282275,expon_highoverlap
947,0.5249279583006028,0.8211755271277338,normal_highlyvariable
948,0.8839838829410662,0.8797308814194829,normal_easy
949,0.6322864515420159,0.35324053081892676,heavytailed
950,0.6533867269963041,0.6647139365684288,highdim_shallow
951,0.4037951340093849,0.4081377131841509,expon_highoverlap
952,0.6529326386305043,0.8362360973118775,normal_highlyvariable
953,0.8160255644042705,0.8097280486149065,normal_easy
954,0.3868495124859303,0.33791769045892295,heavytailed
955,0.7115680528639482,0.6604513278694645,highdim_shallow
956,0.4199582853800616,0.3699600432311842,expon_highoverlap
957,0.5416697731574087,0.8021650407855067,normal_highlyvariable
958,0.8501965323407119,0.825510354301648,normal_easy
959,0.22893790739080278,0.16395780579997501,heavytailed
960,0.613755276239615,0.41570083740052344,highdim_shallow
961,0.37718477432671466,0.3997986009497632,expon_highoverlap
962,0.5834100150168011,0.8157204671702003,normal_highlyvariable
963,0.9002020508255478,0.8792247973972553,normal_easy
964,0.3759203008939241,0.16624904848638902,heavytailed
965,0.5512682306765841,0.5582008217927515,highdim_shallow
966,0.44212121106056496,0.3842734336915568,expon_highoverlap
967,0.6225833191374869,0.8068139289968207,normal_highlyvariable
968,0.90178462579326,0.8945035669607865,normal_easy
969,0.432259028673414,0.21672216600671762,heavytailed
970,0.6047268940370387,0.6887117508754519,highdim_shallow
971,0.40061589010420884,0.4488994876889857,expon_highoverlap
972,0.5535230863160772,0.7152920026396359,normal_highlyvariable
973,0.8293625886531916,0.8282138751634855,normal_easy
974,0.4220943989128098,0.2177099876708057,heavytailed
975,0.7084389237054324,0.4983776090252307,highdim_shallow
976,0.4265055444816064,0.3860297639238213,expon_highoverlap
977,0.6172728769849792,0.8150539359274996,normal_highlyvariable
978,0.8859509017559657,0.8526165396266014,normal_easy
979,0.3945576887308735,0.3265121210923183,heavytailed
980,0.6769004339051921,0.6461313632494682,highdim_shallow
981,0.3645946336316951,0.3941894097029489,expon_highoverlap
982,0.5800284202272906,0.7189234122907406,normal_highlyvariable
983,0.9316760588593033,0.9205452215977485,normal_easy
984,0.47285604115111624,0.2709425825591231,heavytailed
985,0.7505034308162899,0.608232060605489,highdim_shallow
986,0.3186637753026907,0.3304854101287403,expon_highoverlap
987,0.586661079428208,0.823768749007853,normal_highlyvariable
988,0.8580214509393927,0.8552441633088896,normal_easy
989,0.5417549515944307,0.3187664384189513,heavytailed
990,0.7603837069215229,0.6947638878456748,highdim_shallow
991,0.3742854552236647,0.41061588026877777,expon_highoverlap
992,0.5886416455283231,0.8140262788431437,normal_highlyvariable
993,0.8868021103744947,0.8733518530903012,normal_easy
994,0.4318974558079348,0.1734916428363543,heavytailed
995,0.5901410821329566,0.45631165930176953,highdim_shallow
996,0.3969178492940184,0.39001607872984767,expon_highoverlap
997,0.6001072024612188,0.8052022283520779,normal_highlyvariable
998,0.8801102818167881,0.8735674115108536,normal_easy
999,0.4214418436731525,0.35024328031352525,heavytailed
1000,0.5810677749783449,0.5559278995857638,highdim_shallow
1001,0.37357451836212213,0.3803742066592313,expon_highoverlap
1002,0.6390063573978451,0.8498221036030676,normal_highlyvariable
1003,0.8376681360164361,0.8201477685225835,normal_easy
1004,0.34872766284992207,0.1541461267836331,heavytailed
1005,0.6046153601039015,0.5985526113459895,highdim_shallow
1006,0.35903082601911956,0.3670097307169752,expon_highoverlap
1007,0.578318423241811,0.8136186028193895,normal_highlyvariable
1008,0.9038834116425086,0.8785290621510119,normal_easy
1009,0.49083134787332416,0.3482293329310598,heavytailed
1010,0.650417072735463,0.5801372097949795,highdim_shallow
1011,0.39288520349524253,0.3938686635794307,expon_highoverlap
1012,0.5879761194590828,0.7937503122259544,normal_highlyvariable
1013,0.8261438431474301,0.7979327367850892,normal_easy
1014,0.33155857578811493,0.28258005220583177,heavytailed
1015,0.4815027486445322,0.49645135367299803,highdim_shallow
1016,0.36550917155896934,0.384427074140157,expon_highoverlap
1017,0.5942288183557131,0.8112343957338725,normal_highlyvariable
1018,0.9020774087558022,0.8954501306953981,normal_easy
1019,0.53366937494453,0.33665411051562505,heavytailed
1020,0.6981095445483242,0.534229102374281,highdim_shallow
1021,0.40026528526522703,0.3801632412142639,expon_highoverlap
1022,0.5664234550921173,0.7219401278229446,normal_highlyvariable
1023,0.90271501559337,0.8868200205661809,normal_easy
1024,0.48633712214017977,0.2436972846952804,heavytailed
1025,0.5613420471592656,0.32268048344755085,highdim_shallow
1026,0.363474372305244,0.42416132904237575,expon_highoverlap
1027,0.5564380296960862,0.8379430362499718,normal_highlyvariable
1028,0.8517317756275925,0.8422435205497029,normal_easy
1029,0.40600232732764396,0.24377858057051552,heavytailed
1030,0.5721831193335275,0.5436606162702753,highdim_shallow
1031,0.3558154165395944,0.4285267102720776,expon_highoverlap
1032,0.6434239476411586,0.8498018268906972,normal_highlyvariable
1033,0.8463555411900003,0.8255380248602096,normal_easy
1034,0.4967797735425507,0.36803375197566895,heavytailed
1035,0.4929912144683653,0.6365840161826299,highdim_shallow
1036,0.4178122137948474,0.516737121069398,expon_highoverlap
1037,0.5722932308541067,0.8262130900376596,normal_highlyvariable
1038,0.9213263760252755,0.9059698339764155,normal_easy
1039,0.3328802561718854,0.3072315302230119,heavytailed
1040,0.5392908521287387,0.49929286567117465,highdim_shallow
1041,0.37470100219090086,0.37436604409591145,expon_highoverlap
1042,0.5363033657303722,0.8165852447942997,normal_highlyvariable
1043,0.9477193388178632,0.9393756304143985,normal_easy
1044,0.36739509931354764,0.2725992886957827,heavytailed
1045,0.6581267750099524,0.6443934339051455,highdim_shallow
1046,0.39731343810678726,0.4264782186404918,expon_highoverlap
1047,0.5208128055495351,0.802686318383293,normal_highlyvariable
1048,0.8535805196672996,0.8183477315298976,normal_easy
1049,0.3498320452433879,0.29287531440796993,heavytailed
1050,0.8011943933989096,0.39911239093932754,highdim_shallow
1051,0.4003709248731196,0.3524693551649445,expon_highoverlap
1052,0.6144126608778046,0.9154589045674036,normal_highlyvariable
1053,0.8770070923473986,0.8564201286455,normal_easy
1054,-9.107385711093188e-05,0.05752980578744242,heavytailed
1055,0.5929943673862432,0.620663162345723,highdim_shallow
1056,0.4058342481157919,0.4178539988231246,expon_highoverlap
1057,0.6198782586008011,0.7923708365715587,normal_highlyvariable
1058,0.8779270268519732,0.8680806643570085,normal_easy
1059,0.44783304983519345,0.3060177396638213,heavytailed
1060,0.5832098770927383,0.5437219928445934,highdim_shallow
1061,0.3884608536421328,0.3238653869845058,expon_highoverlap
1062,0.5640699751302681,0.825144184644564,normal_highlyvariable
1063,0.8652555467607558,0.8430151842697752,normal_easy
1064,0.42230835423114826,0.36040686855794457,heavytailed
1065,0.5396549317531688,0.39837484948031604,highdim_shallow
1066,0.40245464444097945,0.31442680123917977,expon_highoverlap
1067,0.5861491660459663,0.806249283759466,normal_highlyvariable
1068,0.8557052995829497,0.8429399481264901,normal_easy
1069,0.4215011632478642,0.24931052779037924,heavytailed
1070,0.7917688757942786,0.7125372433931959,highdim_shallow
1071,0.3972650375179161,0.3673641737468822,expon_highoverlap
1072,0.5907946591232378,0.8177261754080043,normal_highlyvariable
1073,0.8978089724255884,0.8858283912106393,normal_easy
1074,0.3860353797802713,0.18073325976920285,heavytailed
1075,0.43451354755750915,0.4211481028126703,highdim_shallow
1076,0.38572810198547414,0.3861055105814186,expon_highoverlap
1077,0.7344859083199938,0.8420042655686785,normal_highlyvariable
1078,0.8925617125609784,0.890528637127202,normal_easy
1079,0.34627495536912406,0.2682269742317584,heavytailed
1080,0.6304592216150999,0.5185556968982556,highdim_shallow
1081,0.40126118784991854,0.36640271494733717,expon_highoverlap
1082,0.512358118649152,0.7375117085242018,normal_highlyvariable
1083,0.8702346663795995,0.8371112269082581,normal_easy
1084,0.3781265290231226,0.26948728242482356,heavytailed
1085,0.6009063291011972,0.6612358740552738,highdim_shallow
1086,0.3468324814182709,0.3096007161151571,expon_highoverlap
1087,0.5257981534380436,0.7698976902781365,normal_highlyvariable
1088,0.850642012487802,0.8307177666390809,normal_easy
1089,0.25309894351222434,0.22893024583062066,heavytailed
1090,0.7402782710617734,0.6432468986178647,highdim_shallow
1091,0.3812536479859965,0.3480511171095335,expon_highoverlap
1092,0.582649091730229,0.7709054598005705,normal_highlyvariable
1093,0.9303856685132265,0.9127276974329885,normal_easy
1094,0.5137858148175077,0.41160289740227585,heavytailed
1095,0.5865762348690541,0.5903750232193027,highdim_shallow
1096,0.3996317605938584,0.38531148867016896,expon_highoverlap
1097,0.5625586106850824,0.826561521162103,normal_highlyvariable
1098,0.8718594945061154,0.8528281942859107,normal_easy
1099,0.26112756273741256,0.16864881796391584,heavytailed
1100,0.5045641151877233,0.467313905646535,highdim_shallow
1101,0.36475816337925704,0.29128287936787,expon_highoverlap
1102,0.5555044648534422,0.8260118012165374,normal_highlyvariable
1103,0.9275615763469759,0.924077306272314,normal_easy
1104,0.5256112159239815,0.5133899566358562,heavytailed
1105,0.6591033269046649,0.6139452109330311,highdim_shallow
1106,0.35299003143937774,0.3015022835754436,expon_highoverlap
1107,0.5129236080690398,0.8390374789168329,normal_highlyvariable
1108,0.9008300633412263,0.878507031978502,normal_easy
1109,0.24844863468404024,0.1604112555768482,heavytailed
1110,0.5817426616981745,0.6400964033387352,highdim_shallow
1111,0.35529864238163383,0.4312615999751906,expon_highoverlap
1112,0.6858358310454223,0.9066217650043354,normal_highlyvariable
1113,0.814174554554446,0.7905031005497809,normal_easy
1114,0.22940872772249463,0.17344262244834313,heavytailed
1115,0.6106930829971114,0.5728794626608066,highdim_shallow
1116,0.3575459258062529,0.3095781855131355,expon_highoverlap
1117,0.5139066935994357,0.7089997155753931,normal_highlyvariable
1118,0.8858427385089207,0.8733822385368929,normal_easy
1119,0.4697172292133647,0.3775654848641707,heavytailed
1120,0.5588829523361318,0.43529176209443304,highdim_shallow
1121,0.4000630749036214,0.5152712979933225,expon_highoverlap
1122,0.6639230701239179,0.8520625413611888,normal_highlyvariable
1123,0.8855736919446116,0.8621332074161805,normal_easy
1124,0.4711003342264222,0.2537567006107525,heavytailed
1125,0.5043968612949954,0.5426967776790781,highdim_shallow
1126,0.3888294603464279,0.3896229799771702,expon_highoverlap
1127,0.6494815086554689,0.8254289724355451,normal_highlyvariable
1128,0.8627577163884805,0.8337635896500107,normal_easy
1129,0.3073720914044348,0.19538675688356075,heavytailed
1130,0.5954226904345213,0.6570297831333004,highdim_shallow
1131,0.3465195044038632,0.37534754371649875,expon_highoverlap
1132,0.7043765846836174,0.9180916652579044,normal_highlyvariable
1133,0.9055324316817535,0.8888508105059286,normal_easy
1134,0.38273377121709956,0.3446844746371568,heavytailed
1135,0.727819996888407,0.5695159640849671,highdim_shallow
1136,0.35111171503569294,0.3754073397085368,expon_highoverlap
1137,0.4911980506173002,0.8043691942087411,normal_highlyvariable
1138,0.8670191921668766,0.8372540763251709,normal_easy
1139,0.2760216309065762,0.18194538908895289,heavytailed
1140,0.6244790468934707,0.5685659712336194,highdim_shallow
1141,0.36855420789753923,0.38056623436004905,expon_highoverlap
1142,0.6345450681631717,0.8238349330397028,normal_highlyvariable
1143,0.9162564776230623,0.9100956809628923,normal_easy
1144,0.4283123383178769,0.2761936580442476,heavytailed
1145,0.6096485252060988,0.30872355916402455,highdim_shallow
1146,0.3204499858448573,0.3469750676949675,expon_highoverlap
1147,0.713116215066706,0.9019776906180593,normal_highlyvariable
1148,0.8934742608677351,0.8598842707389032,normal_easy
1149,0.5224270452925166,0.3424682632093185,heavytailed
1150,0.6016590335707737,0.5531364624722299,highdim_shallow
1151,0.34568106906346474,0.4143035869837284,expon_highoverlap
1152,0.6219877970657518,0.8303765152529844,normal_highlyvariable
1153,0.8675160120540824,0.8517873110416802,normal_easy
1154,0.4149620123532942,0.28206623671687703,heavytailed
1155,0.7045018434150021,0.6347270374775011,highdim_shallow
1156,0.3658352757829979,0.34577722618580753,expon_highoverlap
1157,0.5754955529747171,0.8130831696271908,normal_highlyvariable
1158,0.8915122410445037,0.8616803709314131,normal_easy
1159,0.2375855647553656,0.057536549281332464,heavytailed
1160,0.6888786841179243,0.6771576583735218,highdim_shallow
1161,0.3814227605613545,0.39110439018541804,expon_highoverlap
1162,0.5824253870758356,0.8506370886891956,normal_highlyvariable
1163,0.8948677661365549,0.8729929618690183,normal_easy
1164,0.3739721918445149,0.19440496650106087,heavytailed
1165,0.728026659662144,0.5067284756106407,highdim_shallow
1166,0.4183185494005779,0.41739213795624175,expon_highoverlap
1167,0.6324641056465392,0.824949581189989,normal_highlyvariable
1168,0.8658856567373272,0.8481181992599603,normal_easy
1169,0.4067241733090421,0.18765729226392935,heavytailed
1170,0.6483511893133156,0.5899100075242285,highdim_shallow
1171,0.3081315835266213,0.3509449679184683,expon_highoverlap
1172,0.6281492987271897,0.8407721652426011,normal_highlyvariable
1173,0.9333731282196766,0.9067685159722575,normal_easy
1174,0.38080384392381,0.29652888876099714,heavytailed
1175,0.7502658891859001,0.5896906106355436,highdim_shallow
1176,0.4831311100991186,0.5007511172813389,expon_highoverlap
1177,0.6431067484570708,0.8164817110166028,normal_highlyvariable
1178,0.8763238607696934,0.8558046277499237,normal_easy
1179,0.21106637134057027,0.1942925480196201,heavytailed
1180,0.673020962996512,0.6741852064080279,highdim_shallow
1181,0.39037611923204224,0.46360712461165565,expon_highoverlap
1182,0.5861301975458395,0.8314843203206512,normal_highlyvariable
1183,0.8435475563734445,0.8382644266152237,normal_easy
1184,0.30690853797482937,0.2370623263332625,heavytailed
1185,0.546969068303354,0.23529390714666656,highdim_shallow
1186,0.4220092824193108,0.3808544482062167,expon_highoverlap
1187,0.5393511186572519,0.8234244949972278,normal_highlyvariable
1188,0.8365676049444573,0.8279420825327694,normal_easy
1189,0.2849548936279708,0.19427125889557784,heavytailed
1190,0.6751497514382137,0.6537850837444352,highdim_shallow
1191,0.41860773643012766,0.37450762317501846,expon_highoverlap
1192,0.6131913611710523,0.9030729498704353,normal_highlyvariable
1193,0.8691509794327165,0.8413794455104492,normal_easy
1194,0.5321866055000402,0.4142769695962884,heavytailed
1195,0.7341312686895206,0.5845399659935626,highdim_shallow
1196,0.34191281767215925,0.34533494374564994,expon_highoverlap
1197,0.6508506736475971,0.9150661114252051,normal_highlyvariable
1198,0.8491166448071356,0.8360197483849964,normal_easy
1199,0.3910475421348266,0.3599140773770547,heavytailed
1200,0.5811556756924592,0.39891178913838243,highdim_shallow
1201,0.38345769466817137,0.38117030592766155,expon_highoverlap
1202,0.6264024137170285,0.8367047003350839,normal_highlyvariable
1203,0.8257347990178636,0.7825760893774267,normal_easy
1204,0.33213269003729134,0.17971830583728177,heavytailed
1205,0.7269840162166062,0.3926258444075281,highdim_shallow
1206,0.4093104587930065,0.31553037341038,expon_highoverlap
1207,0.4589324225732771,0.7000518282282031,normal_highlyvariable
1208,0.9133412667149728,0.8964115195800079,normal_easy
1209,0.38833450005294673,0.3275376669119984,heavytailed
1210,0.6580208718882182,0.6308920939246506,highdim_shallow
1211,0.3834117654071443,0.4313668593210068,expon_highoverlap
1212,0.6163322653135114,0.8590976213945574,normal_highlyvariable
1213,0.8509072023232254,0.8106942480893531,normal_easy
1214,0.4340962496476055,0.27937460515652773,heavytailed
1215,0.5417922842950947,0.432708846877754,highdim_shallow
1216,0.38388927773099313,0.3690341572406932,expon_highoverlap
1217,0.6299198340122732,0.8110468192422899,normal_highlyvariable
1218,0.9030463483151087,0.8887396394594441,normal_easy
1219,0.45428572427678127,0.35381915915671935,heavytailed
1220,0.6305557784676579,0.4974209560886675,highdim_shallow
1221,0.3130028026558251,0.30403850976177593,expon_highoverlap
1222,0.5536453313588505,0.8419836944158573,normal_highlyvariable
1223,0.8662902129442456,0.862418859795207,normal_easy
1224,0.38508263874453086,0.39239665468105644,heavytailed
1225,0.7283223724522188,0.5821241242791124,highdim_shallow
1226,0.3723637602933609,0.3137304226036573,expon_highoverlap
1227,0.6592679086243622,0.8250148414294918,normal_highlyvariable
1228,0.8835266629842944,0.8584897897842871,normal_easy
1229,0.40648309229015744,0.2700125133729988,heavytailed
1230,0.6645491336426875,0.7277165715079468,highdim_shallow
1231,0.37798829102223447,0.3616320881119804,expon_highoverlap
1232,0.5819384883473215,0.8133022452786117,normal_highlyvariable
1233,0.8680803975717812,0.8318600856876552,normal_easy
1234,0.26079083673913195,0.19826505200065334,heavytailed
1235,0.6633173465220978,0.6826311298080181,highdim_shallow
1236,0.3501999466116565,0.36802341180820836,expon_highoverlap
1237,0.595984225350065,0.9144038974989593,normal_highlyvariable
1238,0.8973149919414872,0.8957054792299549,normal_easy
1239,0.4367590543127763,0.3149155752607293,heavytailed
1240,0.6617095131817305,0.6527852288668227,highdim_shallow
1241,0.3776810538116665,0.3691986200717601,expon_highoverlap
1242,0.5895446128035751,0.8452467571452165,normal_highlyvariable
1243,0.8625279868758152,0.8571898530738142,normal_easy
1244,0.30632859813288715,0.04816430428026791,heavytailed
1245,0.6055909752346097,0.3862232310376335,highdim_shallow
1246,0.3417854555683777,0.37874851417299354,expon_highoverlap
1247,0.5371146761856924,0.8032530438366903,normal_highlyvariable
1248,0.8820927860805396,0.8494278056891895,normal_easy
1249,0.5072410413512284,0.22786852284431922,heavytailed
1250,0.6660358573585196,0.6494945374849327,highdim_shallow
1251,0.41294231101184464,0.5381533386465777,expon_highoverlap
1252,0.5239484913887065,0.7883039169207835,normal_highlyvariable
1253,0.8783245839321764,0.8640882098064596,normal_easy
1254,0.36605409753993845,0.18533092222877617,heavytailed
1255,0.59560373246,0.48165547603319836,highdim_shallow
1256,0.3810301919387662,0.3201527395436192,expon_highoverlap
1257,0.5693984964137857,0.8297825161983126,normal_highlyvariable
1258,0.8848524584020334,0.8911965663270378,normal_easy
1259,0.20875876336953406,0.26934572785464594,heavytailed
1260,0.5495596852798837,0.49278689489422,highdim_shallow
1261,0.4124715401442614,0.4083270003854616,expon_highoverlap
1262,0.6065062224142264,0.8927303299077951,normal_highlyvariable
1263,0.8608398149736282,0.8537490849894975,normal_easy
1264,0.29144165900218105,0.2008049023351044,heavytailed
1265,0.6497806000697585,0.6051076366584852,highdim_shallow
1266,0.32382639075341235,0.3308835302199399,expon_highoverlap
1267,0.6215347589107967,0.8190500772949619,normal_highlyvariable
1268,0.8761789255067228,0.866523274610504,normal_easy
1269,0.25400320962761,0.2569006919598483,heavytailed
1270,0.6686174677020538,0.5147474810745093,highdim_shallow
1271,0.4533073721734584,0.5282930831792254,expon_highoverlap
1272,0.5892842864890768,0.8113243283213495,normal_highlyvariable
1273,0.8549994234698771,0.8111406079429447,normal_easy
1274,0.4261971611864878,0.3628914492510385,heavytailed
1275,0.5245719345147473,0.42001280830994403,highdim_shallow
1276,0.381202527034861,0.44364133706299663,expon_highoverlap
1277,0.5102174990834926,0.806571462367538,normal_highlyvariable
1278,0.8841784731777876,0.8719461679763605,normal_easy
1279,0.4480826869733896,0.3350382533865542,heavytailed
1280,0.6951195073455072,0.5641029244307589,highdim_shallow
1281,0.36159897078888426,0.39533648313908765,expon_highoverlap
1282,0.5022399524040533,0.8408823129355373,normal_highlyvariable
1283,0.9353884965355503,0.9206789225415976,normal_easy
1284,0.23808356279319748,0.17932381351925175,heavytailed
1285,0.6161524050877771,0.5149218818631018,highdim_shallow
1286,0.3900438475859585,0.42001748565825686,expon_highoverlap
1287,0.499282960903868,0.6966737949278003,normal_highlyvariable
1288,0.897269184750022,0.897348369145285,normal_easy
1289,0.5125012576635082,0.37315109850249795,heavytailed
1290,0.6889857937029376,0.6296056574889343,highdim_shallow
1291,0.45772453424197446,0.4429104636522732,expon_highoverlap
1292,0.44051654803570933,0.805350453681116,normal_highlyvariable
1293,0.8863201997116881,0.8717380860162396,normal_easy
1294,0.3939535909002498,0.21060425212305106,heavytailed
1295,0.6510218340417578,0.5786524598129204,highdim_shallow
1296,0.41733706896649514,0.41984843507325753,expon_highoverlap
1297,0.43939420667863777,0.7250503188269186,normal_highlyvariable
1298,0.8775788982200642,0.8571034838338669,normal_easy
1299,0.4186066453621585,0.369173903381478,heavytailed
1300,0.6049195189530446,0.4144995425277135,highdim_shallow
1301,0.4427343119883299,0.45072771304299425,expon_highoverlap
1302,0.6564558341567709,0.8339809208535521,normal_highlyvariable
1303,0.8970303003672137,0.889854190302583,normal_easy
1304,0.4246985914553047,0.34858801024466085,heavytailed
1305,0.6107936055293502,0.5250646705476714,highdim_shallow
1306,0.3553563191737407,0.33439644223361586,expon_highoverlap
1307,0.5469794989189577,0.7512439652934051,normal_highlyvariable
1308,0.9153320983541603,0.9009686793901276,normal_easy
1309,0.5692923075257479,0.35429689039757334,heavytailed
1310,0.563034948146805,0.43634041078602875,highdim_shallow
1311,0.3223852134664844,0.29324535145796743,expon_highoverlap
1312,0.6237463685153375,0.831601322742016,normal_highlyvariable
1313,0.8867743175373702,0.8638448728105208,normal_easy
1314,0.3957793153636642,0.2607988172210721,heavytailed
1315,0.6183818670589915,0.39828447920033516,highdim_shallow
1316,0.4365534287773041,0.4379141279955434,expon_highoverlap
1317,0.48870610152571375,0.8243563045936829,normal_highlyvariable
1318,0.9027858140614113,0.8743014795273797,normal_easy
1319,0.3512907559895826,0.16523164696068246,heavytailed
1320,0.6115865744628395,0.5675442302371412,highdim_shallow
1321,0.31508009491538763,0.2835697841404393,expon_highoverlap
1322,0.5693682002636102,0.740778546902772,normal_highlyvariable
1323,0.8732453092173829,0.8762796627396098,normal_easy
1324,0.43481912475313655,0.3480360862397229,heavytailed
1325,0.5931649401177753,0.42721435338688885,highdim_shallow
1326,0.42251889370727924,0.44554453804246685,expon_highoverlap
1327,0.5557201761000141,0.8058560755000344,normal_highlyvariable
1328,0.8801160107625422,0.8490389520938781,normal_easy
1329,0.39978282590152975,0.2889769172383392,heavytailed
1330,0.5936934060858793,0.47504841803738995,highdim_shallow
1331,0.40853656359097634,0.4491678346527981,expon_highoverlap
1332,0.6205888745055763,0.836946899130154,normal_highlyvariable
1333,0.8758334142305811,0.8630292285067724,normal_easy
1334,0.3221726509193291,0.17125462313878503,heavytailed
1335,0.5902606482605016,0.5261796307355325,highdim_shallow
1336,0.34423273408489186,0.36974316179226063,expon_highoverlap
1337,0.5747056700968488,0.9279527636543733,normal_highlyvariable
1338,0.8403917950384341,0.8134655022377246,normal_easy
1339,0.2521003316692366,0.2628428378970785,heavytailed
1340,0.7077566056106995,0.380806971238128,highdim_shallow
1341,0.37171713468730216,0.3692108574437658,expon_highoverlap
1342,0.6269005245946928,0.8329449615295051,normal_highlyvariable
1343,0.8644298223680491,0.8416987292307344,normal_easy
1344,0.4599585229808489,0.3619729386533856,heavytailed
1345,0.5265394148589165,0.4297807803838935,highdim_shallow
1346,0.3927010572730407,0.39341080092136227,expon_highoverlap
1347,0.5912889358424898,0.8354841800413058,normal_highlyvariable
1348,0.9082783732414821,0.8944327709719461,normal_easy
1349,0.40261347562655947,0.2627159360301487,heavytailed
1350,0.6922434284822558,0.5700108418412159,highdim_shallow
1351,0.3811122289133242,0.34260609116862756,expon_highoverlap
1352,0.5847349650770899,0.8466924088914283,normal_highlyvariable
1353,0.8835282584192915,0.8586362227603229,normal_easy
1354,0.43959506873879756,0.30480548041709327,heavytailed
1355,0.555835066390848,0.4895382181863986,highdim_shallow
1356,0.32852183007946817,0.34204482545978165,expon_highoverlap
1357,0.583484609090581,0.8379450129325318,normal_highlyvariable
1358,0.8555852801362002,0.8382542978251438,normal_easy
1359,0.41778759055796827,0.208445831042916,heavytailed
1360,0.6315649451468757,0.4905690420660552,highdim_shallow
1361,0.41652385894813143,0.3851182513980491,expon_highoverlap
1362,0.4681920772004258,0.8249145471540539,normal_highlyvariable
1363,0.922390719005778,0.9075349432855161,normal_easy
1364,0.4508560347127829,0.2789404578679093,heavytailed
1365,0.6463753431057386,0.484957333726878,highdim_shallow
1366,0.3537917568903529,0.29500360812820337,expon_highoverlap
1367,0.53257294946318,0.7514454783946531,normal_highlyvariable
1368,0.8923458482372775,0.8766947439061177,normal_easy
1369,0.38858927075853916,0.1643195618551431,heavytailed
1370,0.6377426452050419,0.3555916266377117,highdim_shallow
1371,0.4010631657580657,0.4469333481876549,expon_highoverlap
1372,0.598862655624449,0.8321733072580697,normal_highlyvariable
1373,0.8839380187580235,0.877980962580879,normal_easy
1374,0.4835649354460202,0.3852140427899994,heavytailed
1375,0.6536165790426645,0.6942223050399763,highdim_shallow
1376,0.35386046268960436,0.3734297120815196,expon_highoverlap
1377,0.5926681156027593,0.881992804181858,normal_highlyvariable
1378,0.8409729799174458,0.8309929679272171,normal_easy
1379,0.25049971073958666,0.16940371235293386,heavytailed
1380,0.6239105031184004,0.5409955306616688,highdim_shallow
1381,0.3532850629570056,0.4112345558533493,expon_highoverlap
1382,0.5977590157899673,0.7186999391600202,normal_highlyvariable
1383,0.9242857613574981,0.9032865329463473,normal_easy
1384,0.3729153743320737,0.2532653381036819,heavytailed
1385,0.6055646296964591,0.6176266416495095,highdim_shallow
1386,0.359210945315045,0.3676252642729368,expon_highoverlap
1387,0.5588011180784035,0.7951003778964624,normal_highlyvariable
1388,0.8444682093178552,0.8296493599336169,normal_easy
1389,0.27350755929640574,0.33188157901902393,heavytailed
1390,0.4932592789491049,0.584614228528959,highdim_shallow
1391,0.35983125582896763,0.30630798321076197,expon_highoverlap
1392,0.5526101372622395,0.8026047007252322,normal_highlyvariable
1393,0.8525533444590077,0.8323115466826958,normal_easy
1394,0.4751672733949015,0.3371489061327284,heavytailed
1395,0.5276099521884351,0.6008231048569508,highdim_shallow
1396,0.31618621766659416,0.3290750694254686,expon_highoverlap
1397,0.6050474400669219,0.8921413864555497,normal_highlyvariable
1398,0.855866594132857,0.8364120156750996,normal_easy
1399,0.4206471649519397,0.2645787570613181,heavytailed
1400,0.6295573386210218,0.5610701128492552,highdim_shallow
1401,0.40554905874979025,0.3501112996870296,expon_highoverlap
1402,0.6672205833931142,0.8062482664036803,normal_highlyvariable
1403,0.8914518626349816,0.8864007049933128,normal_easy
1404,0.5013819682420417,0.2818333793533566,heavytailed
1405,0.67889589042581,0.6177865766243937,highdim_shallow
1406,0.4037223985053311,0.34914455995689975,expon_highoverlap
1407,0.5944740040752535,0.8482754246955468,normal_highlyvariable
1408,0.8104230085452052,0.7959314813038857,normal_easy
1409,0.25248720388943274,0.2291649511734338,heavytailed
1410,0.6371776539338471,0.5861067930147654,highdim_shallow
1411,0.42891424189995375,0.41999572075536606,expon_highoverlap
1412,0.4720320201302503,0.7234891485960326,normal_highlyvariable
1413,0.8486734436792107,0.8482768529874356,normal_easy
1414,0.4063815438551343,0.364498138508957,heavytailed
1415,0.5228601841166187,0.563561671048866,highdim_shallow
1416,0.4033471112944849,0.32024019534325326,expon_highoverlap
1417,0.5918177044933507,0.8330513156978672,normal_highlyvariable
1418,0.8465631413301062,0.8131168031384214,normal_easy
1419,0.35643900536517553,0.16111147397470976,heavytailed
1420,0.6050797356273726,0.6313669525178955,highdim_shallow
1421,0.4077477604764738,0.3752883280786333,expon_highoverlap
1422,0.6214859800173926,0.8528047624370337,normal_highlyvariable
1423,0.8620235253626899,0.8489333310155432,normal_easy
1424,0.3346959479370634,0.16963545570067273,heavytailed
1425,0.5396450405841137,0.4880831120208968,highdim_shallow
1426,0.4394402303776881,0.5048596402107728,expon_highoverlap
1427,0.4910826199843928,0.8286759502487587,normal_highlyvariable
1428,0.8382391759422013,0.81433306305957,normal_easy
1429,0.48782056364050413,0.27395314706769247,heavytailed
1430,0.6386668298799357,0.5099983070320091,highdim_shallow
1431,0.4080069356026536,0.3547128426761204,expon_highoverlap
1432,0.6582368252457673,0.8195316673963957,normal_highlyvariable
1433,0.8746592100457178,0.8539583465002211,normal_easy
1434,0.41147814560617707,0.3670781986581647,heavytailed
1435,0.6694294673565031,0.44341698287606024,highdim_shallow
1436,0.3855364257819939,0.37355507651682446,expon_highoverlap
1437,0.5398491082446136,0.7447243013297199,normal_highlyvariable
1438,0.8767165214670571,0.8497397966204386,normal_easy
1439,0.4198588539731091,0.2024685712708074,heavytailed
1440,0.6189560506968227,0.6431910947861144,highdim_shallow
1441,0.36827516545515215,0.4886812341950183,expon_highoverlap
1442,0.6115326331042747,0.8225229269067991,normal_highlyvariable
1443,0.912168155579176,0.9077497357143327,normal_easy
1444,0.3651285342629813,0.20357510674134274,heavytailed
1445,0.671571277339729,0.651398767059433,highdim_shallow
1446,0.3383946908493479,0.2938511337446073,expon_highoverlap
1447,0.4345043012238119,0.7013931538271293,normal_highlyvariable
1448,0.8690053327091337,0.8465545161020688,normal_easy
1449,-0.00038619556105604866,0.06818520025637734,heavytailed
1450,0.6835233475704648,0.5937849686069976,highdim_shallow
1451,0.3012006376148912,0.3394063130827809,expon_highoverlap
1452,0.6351626716913213,0.8220886318890157,normal_highlyvariable
1453,0.9064229284447425,0.8961752664922884,normal_easy
1454,0.49567674078597374,0.34917390945164456,heavytailed
1455,0.5900853947046127,0.54420402629161,highdim_shallow
1456,0.3673346819290947,0.36977868778938117,expon_highoverlap
1457,0.5231753179048457,0.8720377720070825,normal_highlyvariable
1458,0.8854883220259262,0.8754684083137654,normal_easy
1459,0.28977231052878044,0.1621085289832193,heavytailed
1460,0.6430632282430583,0.23785700586991285,highdim_shallow
1461,0.3851558542226881,0.37190799145122144,expon_highoverlap
1462,0.5503457044253107,0.8164349551866066,normal_highlyvariable
1463,0.9054480470379549,0.9023116631071278,normal_easy
1464,0.5120815050783972,0.33922925823594086,heavytailed
1465,0.5694293563244653,0.3975752921865988,highdim_shallow
1466,0.32367055777257436,0.32649206520313756,expon_highoverlap
1467,0.6023974511068191,0.7253433572098192,normal_highlyvariable
1468,0.9006008828952241,0.8952704570911415,normal_easy
1469,0.41926223384472033,0.4624354849494307,heavytailed
1470,0.5841335840384975,0.4377945905988685,highdim_shallow
1471,0.43769144371729807,0.42712588109222765,expon_highoverlap
1472,0.6373972282567009,0.7953371681116054,normal_highlyvariable
1473,0.9204617178874713,0.9077280091511981,normal_easy
1474,0.385809375945025,0.33492528044986875,heavytailed
1475,0.678629087706827,0.6557212474056758,highdim_shallow
1476,0.3467837662866212,0.332699232611581,expon_highoverlap
1477,0.5269170318137675,0.7924073208695607,normal_highlyvariable
1478,0.9013662832140051,0.875245956651075,normal_easy
1479,0.3675515948010235,0.2474268382552878,heavytailed
1480,0.4868441225838197,0.49380605535115885,highdim_shallow
1481,0.3141040758299247,0.2747895106367434,expon_highoverlap
1482,0.6041958227085397,0.8175013070742048,normal_highlyvariable
1483,0.8828453203728597,0.867304487564382,normal_easy
1484,0.3614120629635383,0.18057977062055938,heavytailed
1485,0.622988406037145,0.3533822198385073,highdim_shallow
1486,0.3309719430674798,0.356922317935347,expon_highoverlap
1487,0.5779101773258138,0.8957624283659661,normal_highlyvariable
1488,0.8785802745385155,0.8503487667338723,normal_easy
1489,0.2553091923718938,0.1927641060786853,heavytailed
1490,0.6434038724708926,0.6110994617520252,highdim_shallow
1491,0.38237600403475946,0.4265861659390373,expon_highoverlap
1492,0.578631004071327,0.8369293856336929,normal_highlyvariable
1493,0.8730403079364111,0.8449383216603671,normal_easy
1494,0.3549760485239219,0.3596387458575905,heavytailed
1495,0.5353411058169357,0.5919167841738096,highdim_shallow
1496,0.3429685723853767,0.294291001359877,expon_highoverlap
1497,0.587890859119039,0.8071619531718934,normal_highlyvariable
1498,0.8459523721080466,0.8310304394997382,normal_easy
1499,0.4342894859396439,0.3383200731909072,heavytailed
